Date,Adj Close
2016/1/4,
2016/1/5,0.002012226074739054
2016/1/6,-0.013115396617014996
2016/1/7,-0.02370044303909824
2016/1/8,-0.010838374634476344
2016/1/11,0.0008532723085774574
2016/1/12,0.007802798638371744
2016/1/13,-0.02496545260273253
2016/1/14,0.016695905641396447
2016/1/15,-0.021599098121784066
2016/1/19,0.0005318215544081184
2016/1/20,-0.011693855152753452
2016/1/21,0.005195438264643304
2016/1/22,0.02028370093089693
2016/1/25,-0.01563798186831422
2016/1/26,0.014144335682203746
2016/1/27,-0.010863483946818686
2016/1/28,0.0055285771108635196
2016/1/29,0.02476021748183288
2016/2/1,-0.00044323640602816905
2016/2/2,-0.01874309104264482
2016/2/3,0.004992038935398124
2016/2/4,0.0015267326294097217
2016/2/5,-0.0184812461330659
2016/2/8,-0.014153935962584518
2016/2/9,-0.0006636201005447706
2016/2/10,-0.00018895050095235622
2016/2/11,-0.012301161634528324
2016/2/12,0.01951804943402924
2016/2/16,0.01651665425466642
2016/2/17,0.016480439087318777
2016/2/18,-0.0046657135860893595
2016/2/19,-2.6033069221553795e-05
2016/2/22,0.014454197343192865
2016/2/23,-0.012454371626831162
2016/2/24,0.004439786657369549
2016/2/25,0.011348275180813827
2016/2/26,-0.0018701143063153403
2016/2/29,-0.008120976670040303
2016/3/1,0.023868792264573058
2016/3/2,0.00409430843797276
2016/3/3,0.003498740552965396
2016/3/4,0.003305892405266686
2016/3/7,0.0008850144294973994
2016/3/8,-0.011240108648189029
2016/3/9,0.005052393293188295
2016/3/10,0.00015580467030051892
2016/3/11,0.016395500477669467
2016/3/14,-0.0012609725467921384
2016/3/15,-0.0018369417185468695
2016/3/16,0.005600351548705085
2016/3/17,0.0065952364278478726
2016/3/18,0.004405643539266535
2016/3/21,0.0009855774954501406
2016/3/22,-0.0008773878504659827
2016/3/23,-0.006386031655324587
2016/3/24,-0.0003780705229240455
2016/3/28,0.0005452557698999438
2016/3/29,0.008816651809226084
2016/3/30,0.004350315062455534
2016/3/31,-0.002039759248018691
2016/4/1,0.006330915097686685
2016/4/4,-0.0032083221118300864
2016/4/5,-0.01014449245057425
2016/4/6,0.010507619189438877
2016/4/7,-0.011975786560861179
2016/4/8,0.0027865782063150046
2016/4/11,-0.002739786123146737
2016/4/12,0.009662134044055914
2016/4/13,0.010040137017230277
2016/4/14,0.00017292717774908262
2016/4/15,-0.0009842849323767888
2016/4/18,0.006541025568344017
2016/4/19,0.003084485197515807
2016/4/20,0.0007615446318947061
2016/4/21,-0.005194027068595286
2016/4/22,4.78598891489046e-05
2016/4/25,-0.0018120458498649405
2016/4/26,0.0018727515348586632
2016/4/27,0.0016493527182761536
2016/4/28,-0.009230768157227676
2016/4/29,-0.005063088481738531
2016/5/2,0.007809946553678726
2016/5/3,-0.00867663846010247
2016/5/4,-0.005936889314754001
2016/5/5,-0.0002390079429954728
2016/5/6,0.003174639194507556
2016/5/9,0.0007534966412710009
2016/5/10,0.012483643839788838
2016/5/11,-0.009561518249023626
2016/5/12,-0.0001694651417848414
2016/5/13,-0.008478288992748939
2016/5/16,0.009796652584981969
2016/5/17,-0.009411297372666105
2016/5/18,0.00020517875938574903
2016/5/19,-0.0037067077457677566
2016/5/20,0.006019503914256319
2016/5/23,-0.0020854588262010365
2016/5/24,0.013681382915580853
2016/5/25,0.006974740416216374
2016/5/26,-0.00021044370918177346
2016/5/27,0.0042868573656227316
2016/5/31,-0.0010052632800822137
2016/6/1,0.0011350423498972528
2016/6/2,0.0028246782448091423
2016/6/3,-0.0029118146788911226
2016/6/6,0.0048972810511889175
2016/6/7,0.001289446391868232
2016/6/8,0.00330956635586821
2016/6/9,-0.00171775869182611
2016/6/10,-0.00917518113312521
2016/6/13,-0.008115191023280288
2016/6/14,-0.0017988855029992257
2016/6/15,-0.0018407126972377341
2016/6/16,0.0031329905865316032
2016/6/17,-0.0032579651646926777
2016/6/20,0.005808185112367248
2016/6/21,0.002712061442457836
2016/6/22,-0.0016515635798043382
2016/6/23,0.013364078570495375
2016/6/24,-0.03591979991551375
2016/6/27,-0.018096502120201086
2016/6/28,0.01777016520887531
2016/6/29,0.01703267271049458
2016/6/30,0.013565044272757953
2016/7/1,0.0019486024753911924
2016/7/5,-0.006847477275030989
2016/7/6,0.005352962934909389
2016/7/7,-0.000871577782587063
2016/7/8,0.015253349299217511
2016/7/11,0.003408615584790109
2016/7/12,0.0070092934627346
2016/7/13,0.00013476772627241118
2016/7/14,0.005259203949780522
2016/7/15,-0.0009289474292316635
2016/7/18,0.002382295291673886
2016/7/19,-0.0014351739837110689
2016/7/20,0.004270300527854598
2016/7/21,-0.003612529073708126
2016/7/22,0.004553964517894249
2016/7/25,-0.003011475203867131
2016/7/26,0.00032278462630763727
2016/7/27,-0.0011985423438815035
2016/7/28,0.0016062092674702377
2016/7/29,0.0016313092282023156
2016/8/1,-0.0012697873921424518
2016/8/2,-0.006361619668044383
2016/8/3,0.0031339433893435853
2016/8/4,0.0002125719185825936
2016/8/5,0.00860349636132618
2016/8/8,-0.0009071652887537862
2016/8/9,0.000389793635491964
2016/8/10,-0.0028646859977113914
2016/8/11,0.004734588091577452
2016/8/12,-0.0007960462665462797
2016/8/15,0.0027929089824627606
2016/8/16,-0.0054790770207289174
2016/8/17,0.0018685899424382146
2016/8/18,0.0021996173913669814
2016/8/19,-0.0014402716807317972
2016/8/22,-0.0005633228782352395
2016/8/23,0.0019517690543742194
2016/8/24,-0.005240276882137795
2016/8/25,-0.001365227301395766
2016/8/26,-0.0015788167596264557
2016/8/29,0.005228047337119568
2016/8/30,-0.001953680655931489
2016/8/31,-0.002375864254739679
2016/9/1,-4.1384648208353525e-05
2016/9/2,0.004201041315648579
2016/9/6,0.002981678758352535
2016/9/7,-0.00014638505859998485
2016/9/8,-0.0022230135011277463
2016/9/9,-0.024522068857295465
2016/9/12,0.014677052525391865
2016/9/13,-0.014830674013266876
2016/9/14,-0.0005876766500768626
2016/9/15,0.010109273250546558
2016/9/16,-0.0037722949071267164
2016/9/19,-1.860309730772336e-05
2016/9/20,0.00029913841439488387
2016/9/21,0.01091716215408689
2016/9/22,0.0064997846811665205
2016/9/23,-0.005736774814255385
2016/9/26,-0.008587762454059567
2016/9/27,0.0064441700612607455
2016/9/28,0.005296553758763478
2016/9/29,-0.009321411325290296
2016/9/30,0.007967969361337035
2016/10/3,-0.0032606958242220596
2016/10/4,-0.004955562300028915
2016/10/5,0.00429669054167503
2016/10/6,0.00048156019948386586
2016/10/7,-0.003253483681710745
2016/10/10,0.004605905098135743
2016/10/11,-0.012446471763257416
2016/10/12,0.0011465894253985809
2016/10/13,-0.0030992638350910706
2016/10/14,0.00020160417815362486
2016/10/17,-0.0030379938212078406
2016/10/18,0.006160403479896548
2016/10/19,0.002191970828747003
2016/10/20,-0.001375723874264545
2016/10/21,-8.41417022030555e-05
2016/10/24,0.004749839534638145
2016/10/25,-0.0037977277794559727
2016/10/26,-0.0017404114266579285
2016/10/27,-0.00298672693338764
2016/10/28,-0.0031082993655890956
2016/10/31,-0.00012227651805640782
2016/11/1,-0.006786883176217451
2016/11/2,-0.006525500629458225
2016/11/3,-0.004423400698294833
2016/11/4,-0.0016661305078947697
2016/11/7,0.022223544015960606
2016/11/8,0.003771974424148228
2016/11/9,0.011077020670818172
2016/11/10,0.0019507456248868404
2016/11/11,-0.0013979501669952876
2016/11/14,-0.00011550278623184695
2016/11/15,0.007480797692708263
2016/11/16,-0.0015822638011099288
2016/11/17,0.004676369709732953
2016/11/18,-0.0023867984933358954
2016/11/21,0.00746140094927239
2016/11/22,0.0021654319242507825
2016/11/23,0.0008080247522281869
2016/11/25,0.003914386912404755
2016/11/28,-0.0052545356518649555
2016/11/29,0.0013352928795322683
2016/11/30,-0.0026534038053485087
2016/12/1,-0.003515529214704216
2016/12/2,0.00039700648494522817
2016/12/5,0.005821305360635076
2016/12/6,0.0034108881136405422
2016/12/7,0.013163241734930109
2016/12/8,0.0021593427123762776
2016/12/9,0.005938984836723504
2016/12/12,-0.0011374347616602831
2016/12/13,0.006539774854251279
2016/12/14,-0.00811717211425611
2016/12/15,0.0038832279554188442
2016/12/16,-0.0017506226483432474
2016/12/19,0.0019751207295131135
2016/12/20,0.003637512384150554
2016/12/21,-0.00245736140121644
2016/12/22,-0.0018629738593322065
2016/12/23,0.0012517152222140115
2016/12/27,0.0022483728227058464
2016/12/28,-0.008356529202828478
2016/12/29,-0.0002933046610003043
2016/12/30,-0.004637050387073738
2017/1/3,0.008486575281753117
2017/1/4,0.005722273844205539
2017/1/5,-0.0007706704833204681
2017/1/6,0.00351695901278104
2017/1/9,-0.003548594221719936
2017/1/10,0.0
2017/1/11,0.00282963827286542
2017/1/12,-0.002144809017699867
2017/1/13,0.0018498406076092877
2017/1/17,-0.002967502689446566
2017/1/18,0.0017637540571728838
2017/1/19,-0.003609308719258353
2017/1/20,0.0033662375142391454
2017/1/23,-0.0026901250121218467
2017/1/24,0.006564593555387965
2017/1/25,0.008026090626264137
2017/1/26,-0.0007353841696334795
2017/1/27,-0.0008664642261523303
2017/1/30,-0.0060095434915230506
2017/1/31,-0.0008899053387743106
2017/2/1,0.0002983636473739004
2017/2/2,0.0005703094786491114
2017/2/3,0.007264758001645832
2017/2/6,-0.002115356863350182
2017/2/7,0.0002268289539280044
2017/2/8,0.0006933224946015226
2017/2/9,0.0057525463132821475
2017/2/10,0.0035660503333254656
2017/2/13,0.00524584494879643
2017/2/14,0.004007335122946376
2017/2/15,0.004992308973639448
2017/2/16,-0.0008641179099713181
2017/2/17,0.0016785563554666538
2017/2/21,0.006048066287376974
2017/2/22,-0.0010822003765217358
2017/2/23,0.0004189870457795841
2017/2/24,0.0014933640655938607
2017/2/27,0.0010179830148679958
2017/2/28,-0.002578376200021104
2017/3/1,0.013673854505382499
2017/3/2,-0.005859880477359969
2017/3/3,0.0005038771408372167
2017/3/6,-0.003277240599115161
2017/3/7,-0.002913373760945248
2017/3/8,-0.0022842155406883613
2017/3/9,0.0007998954777435063
2017/3/10,0.003268670420600417
2017/3/13,0.0003666327927462909
2017/3/14,-0.003379027372577559
2017/3/15,0.008374752968933086
2017/3/16,-0.0016267102889132579
2017/3/17,-0.0013143148736339816
2017/3/20,-0.0020098934090192477
2017/3/21,-0.012407972866659844
2017/3/22,0.0018898861623204422
2017/3/23,-0.0010602695616058755
2017/3/24,-0.0008439960753447995
2017/3/27,-0.0010195872065427158
2017/3/28,0.007251474152977444
2017/3/29,0.0010853249749624982
2017/3/30,0.002935110029269161
2017/3/31,-0.0022550475355151978
2017/4/3,-0.0016421256211577306
2017/4/4,0.000559522456275996
2017/4/5,-0.0030548612250135276
2017/4/6,0.0019295093795217433
2017/4/7,-0.0008271301291931099
2017/4/10,0.0006876864639022706
2017/4/11,-0.0014338793828936325
2017/4/12,-0.0037599507562140477
2017/4/13,-0.006814694452883074
2017/4/17,0.00861334911528977
2017/4/18,-0.0029033801350211164
2017/4/19,-0.0017163505528009493
2017/4/20,0.007557263410900905
2017/4/21,-0.0030350731513657525
2017/4/24,0.010840068991465168
2017/4/25,0.006090687444722187
2017/4/26,-0.00048570337896503
2017/4/27,0.000552920072501184
2017/4/28,-0.0019131473359665918
2017/5/1,0.0017322905313656989
2017/5/2,0.0011890500505600254
2017/5/3,-0.0012713605051780652
2017/5/4,0.0005821027616195185
2017/5/5,0.004088695184901736
2017/5/8,3.7446077189251525e-05
2017/5/9,-0.0010252486558834928
2017/5/10,0.001130601391863939
2017/5/11,-0.0021628093718816244
2017/5/12,-0.0014784413421209397
2017/5/15,0.0047765136426025645
2017/5/16,-0.0006868968136181097
2017/5/17,-0.0181782145892192
2017/5/18,0.003686818535649561
2017/5/19,0.006767499617984285
2017/5/22,0.005160131544382551
2017/5/23,0.0018378718487075396
2017/5/24,0.002489126672622799
2017/5/25,0.004441948051392863
2017/5/26,0.00031054999601765054
2017/5/30,-0.0012046244828196606
2017/5/31,-0.00045996868531250623
2017/6/1,0.007571112707942307
2017/6/2,0.003707730994808367
2017/6/5,-0.0012176648957179514
2017/6/6,-0.0027790401574869783
2017/6/7,0.0015682574527444704
2017/6/8,0.00026720452936990213
2017/6/9,-0.0008299890161560519
2017/6/12,-0.0009787631973520172
2017/6/13,0.004511505144390471
2017/6/14,-0.000995830885900939
2017/6/15,-0.0022395981716745172
2017/6/16,0.00028363920108120944
2017/6/19,0.008347228826019126
2017/6/20,-0.0066966375083225005
2017/6/21,-0.0005826444414320786
2017/6/22,-0.00045578189908535016
2017/6/23,0.0015609155884164228
2017/6/26,0.0003158015767239508
2017/6/27,-0.008072824663108658
2017/6/28,0.008808066128737302
2017/6/29,-0.008600023152223968
2017/6/30,0.0015332318366443332
2017/7/3,0.0023108339915050014
2017/7/5,0.0014532789018848469
2017/7/6,-0.009368823795134262
2017/7/7,0.006403125635439322
2017/7/10,0.0009277662124411723
2017/7/11,-0.000782680881929565
2017/7/12,0.0073056077591855395
2017/7/13,0.0018745842627647669
2017/7/14,0.004673503321499739
2017/7/17,-5.291285582376126e-05
2017/7/18,0.0005978570004028239
2017/7/19,0.005372639477660979
2017/7/20,-0.0001536593007661624
2017/7/21,-0.00036787160364093463
2017/7/24,-0.001063734846964759
2017/7/25,0.0029231717986641925
2017/7/26,0.0002826638218713651
2017/7/27,-0.0009726881683288502
2017/7/28,-0.0013411154893340216
2017/7/31,-0.0007281456772143535
2017/8/1,0.002449115038656524
2017/8/2,0.0004926484348821702
2017/8/3,-0.0021836540850557196
2017/8/4,0.0018891035233321585
2017/8/7,0.001647199796319665
2017/8/8,-0.002414432693031987
2017/8/9,-0.0003636085321390148
2017/8/10,-0.01447444188426572
2017/8/11,0.0012755698031536866
2017/8/14,0.010043754738020771
2017/8/15,-0.0004988080962693431
2017/8/16,0.0014201029160998413
2017/8/17,-0.015436951897705553
2017/8/18,-0.0018353673366143797
2017/8/21,0.0011626509216591252
2017/8/22,0.009940779962249735
2017/8/23,-0.003453592835692465
2017/8/24,-0.002074461923330162
2017/8/25,0.001672869304875979
2017/8/28,0.0004870718880634062
2017/8/29,0.0008428219030980344
2017/8/30,0.004615148908088784
2017/8/31,0.005720976036098113
2017/9/1,0.001982540891424245
2017/9/5,-0.007550806819975553
2017/9/6,0.0031287266079642606
2017/9/7,-0.00017843595846800397
2017/9/8,-0.001488850697372368
2017/9/11,0.010839298999797853
2017/9/12,0.0033639479926761418
2017/9/13,0.0007571208321888179
2017/9/14,-0.0011007176163723154
2017/9/15,0.0018471813753213606
2017/9/18,0.0014559208669278068
2017/9/19,0.0011101953656167396
2017/9/20,0.0006343478595600693
2017/9/21,-0.003045917468208481
2017/9/22,0.0006477937041176052
2017/9/25,-0.0022220504449805834
2017/9/26,7.216681740818132e-05
2017/9/27,0.004085143878064912
2017/9/28,0.0012046157831626658
2017/9/29,0.0037051097509217534
2017/10/2,0.0038740035506961146
2017/10/3,0.002158838152169773
2017/10/4,0.0012467201282879703
2017/10/5,0.005646787321186508
2017/10/6,-0.0010736343152785155
2017/10/9,-0.0018044340510071644
2017/10/10,0.0023224126121230704
2017/10/11,0.0018035070386159813
2017/10/12,-0.001686752718675133
2017/10/13,0.0008781072235268805
2017/10/16,0.0017507534306602235
2017/10/17,0.0006725786553094526
2017/10/18,0.0007423351621382857
2017/10/19,0.0003279979372339259
2017/10/20,0.005116842628527296
2017/10/23,-0.003972484245916563
2017/10/24,0.0016179085343190902
2017/10/25,-0.004663049960716759
2017/10/26,0.0012709462192490584
2017/10/27,0.008073022493030768
2017/10/30,-0.003192470480425591
2017/10/31,0.0009444587968627793
2017/11/1,0.0015921099166993358
2017/11/2,0.000189966107745132
2017/11/3,0.0030970752937133916
2017/11/6,0.0012712512706076762
2017/11/7,-0.00018910283240303194
2017/11/8,0.0014436549093932438
2017/11/9,-0.0037618877882731327
2017/11/10,-0.0008976437135733706
2017/11/13,0.0009836343383038404
2017/11/14,-0.0023096094136402234
2017/11/15,-0.005525675723668133
2017/11/16,0.008196058301448428
2017/11/17,-0.0026259631197607103
2017/11/20,0.001275682910981013
2017/11/21,0.0065411390164367145
2017/11/22,-0.0007502610505620844
2017/11/24,0.00205609524528505
2017/11/27,-0.0003842577408612602
2017/11/28,0.00984851264624087
2017/11/29,-0.000369225815214147
2017/11/30,0.008190950524173068
2017/12/1,-0.002024530643865985
2017/12/4,-0.0010521569099137817
2017/12/5,-0.0037393815432908983
2017/12/6,-0.00011410534507194647
2017/12/7,0.002932357628297133
2017/12/8,0.005506306498390678
2017/12/11,0.0032019573826136405
2017/12/12,0.0015489219942514953
2017/12/13,-0.0004729568033579046
2017/12/14,-0.004070859267722771
2017/12/15,0.00897434357723248
2017/12/18,0.005362807031737971
2017/12/19,-0.003230269308986733
2017/12/20,-0.0008278932913695636
2017/12/21,0.0019856556872259734
2017/12/22,-0.0004581664731576618
2017/12/26,-0.0010584152238849454
2017/12/27,0.0007909408692410302
2017/12/28,0.0018339987718802853
2017/12/29,-0.005183153291804743
2018/1/2,0.008303361788570607
2018/1/3,0.006398818767817449
2018/1/4,0.004028635843774442
2018/1/5,0.007033767403822333
2018/1/8,0.0016623440799481415
2018/1/9,0.001302931550569042
2018/1/10,-0.0011122269759360481
2018/1/11,0.007033646798365822
2018/1/12,0.006749602755413919
2018/1/16,-0.0035244874939864834
2018/1/17,0.009415051661626705
2018/1/18,-0.0016163899808150362
2018/1/19,0.004385235280832678
2018/1/22,0.008066726543333624
2018/1/23,0.002174365440882342
2018/1/24,-0.0005599757903008706
2018/1/25,0.0006026209239333724
2018/1/26,0.011841196442722746
2018/1/29,-0.006731974371398386
2018/1/30,-0.010898815391439554
2018/1/31,0.0004889853896290486
2018/2/1,-0.0006480885618234122
2018/2/2,-0.021208547694941626
2018/2/5,-0.04097922501640716
2018/2/6,0.017440920907613622
2018/2/7,-0.005001588613270491
2018/2/8,-0.0375364197188327
2018/2/9,0.014936090275087244
2018/2/12,0.013914584687517051
2018/2/13,0.0026129295933734475
2018/2/14,0.013402458482258073
2018/2/15,0.01206911262829169
2018/2/16,0.0003734695439001623
2018/2/20,-0.0058413894815938505
2018/2/21,-0.005496503260010055
2018/2/22,0.0009735511485315929
2018/2/23,0.016028376390592625
2018/2/26,0.011757015405636784
2018/2/27,-0.01270688867273162
2018/2/28,-0.011095788577777155
2018/3/1,-0.013324399450480251
2018/3/2,0.005071602697712896
2018/3/5,0.011032026381792903
2018/3/6,0.0026388586869585673
2018/3/7,-0.0004838745888696705
2018/3/8,0.004463078253377217
2018/3/9,0.017378831277445883
2018/3/12,-0.0012739848320225677
2018/3/13,-0.006363576572474661
2018/3/14,-0.005724522264141441
2018/3/15,-0.0007819304070728617
2018/3/16,0.0017034472986976468
2018/3/19,-0.014204195427326871
2018/3/20,0.0014818052561744732
2018/3/21,-0.001843989601829854
2018/3/22,-0.02516288868483929
2018/3/23,-0.020966880472765737
2018/3/26,0.027157255734905794
2018/3/27,-0.01727630894790788
2018/3/28,-0.0029166570946985715
2018/3/29,0.013769718618042326
2018/4/2,-0.022337423419752644
2018/4/3,0.012614865708685086
2018/4/4,0.011566482650942955
2018/4/5,0.006862863853574153
2018/4/6,-0.02192024870852849
2018/4/9,0.003336548739958589
2018/4/10,0.016726953754064855
2018/4/11,-0.0055253645656477834
2018/4/12,0.008250750130306406
2018/4/13,-0.0028866253360059213
2018/4/16,0.008109038362631216
2018/4/17,0.010661504817983003
2018/4/18,0.0008313658005520974
2018/4/19,-0.005726124775789931
2018/4/20,-0.008536532212991554
2018/4/23,5.623151071354471e-05
2018/4/24,-0.013380561466416863
2018/4/25,0.0018370592780629913
2018/4/26,0.010434204752046705
2018/4/27,0.001113625003076102
2018/4/30,-0.008187490859429492
2018/5/1,0.0025490454768968274
2018/5/2,-0.007205863585547867
2018/5/3,-0.0022536744644764406
2018/5/4,0.012811179191865252
2018/5/7,0.003457945524821149
2018/5/8,-0.0002656413461944451
2018/5/9,0.009682220184441537
2018/5/10,0.009370643613678231
2018/5/11,0.001707595795878758
2018/5/14,0.0008834895171134782
2018/5/15,-0.006842140411090325
2018/5/16,0.004060561765464099
2018/5/17,-0.0008558722748468472
2018/5/18,-0.002632194898025575
2018/5/21,0.00738675297338931
2018/5/22,-0.0031357620237913997
2018/5/23,0.0032484100188134857
2018/5/24,-0.0020232133879297676
2018/5/25,-0.002357220567948737
2018/5/29,-0.011564187400276094
2018/5/30,0.012695791469277351
2018/5/31,-0.006879559888254616
2018/6/1,0.010849230126019238
2018/6/4,0.004479598436304411
2018/6/5,0.0007025931033488586
2018/6/6,0.008567392527720319
2018/6/7,-0.0007141886594438374
2018/6/8,0.003125904350057551
2018/6/11,0.0010687077753774865
2018/6/12,0.0017433853342918582
2018/6/13,-0.004026127924158018
2018/6/14,0.0024715496262728287
2018/6/15,-0.0010171026706909947
2018/6/18,-0.0021261277232105247
2018/6/19,-0.00402340225326725
2018/6/20,0.0017121541196234435
2018/6/21,-0.006345510301846269
2018/6/22,0.0018619344893300305
2018/6/25,-0.013724669170993242
2018/6/26,0.0022045773020529236
2018/6/27,-0.008604355207870285
2018/6/28,0.006178689940068427
2018/6/29,0.0007584031112997103
2018/7/2,0.003067957504331087
2018/7/3,-0.004947350540742024
2018/7/5,0.008620803418080136
2018/7/6,0.008481281619413306
2018/7/9,0.008822986064321858
2018/7/10,0.0034732671751058763
2018/7/11,-0.007094202737347177
2018/7/12,0.008749042481676073
2018/7/13,0.0010792376622543731
2018/7/16,-0.0010281357433985505
2018/7/17,0.003973698563198402
2018/7/18,0.0021605124999146685
2018/7/19,-0.003952993137390726
2018/7/20,-0.0009484476712288137
2018/7/23,0.0018380493665326458
2018/7/24,0.004780911191251125
2018/7/25,0.009101605053168704
2018/7/26,-0.003032296041138749
2018/7/27,-0.006562208676543113
2018/7/30,-0.005754170045876084
2018/7/31,0.004884728652428727
2018/8/1,-0.0010403516539227997
2018/8/2,0.004926445059597828
2018/8/3,0.004644183025969362
2018/8/6,0.003538227209060052
2018/8/7,0.002824182317137769
2018/8/8,-0.0002623799656654713
2018/8/9,-0.0014416744482073085
2018/8/10,-0.007113887974094513
2018/8/13,-0.004005991954140198
2018/8/14,0.0063892546712602805
2018/8/15,-0.007602164923620092
2018/8/16,0.007919408407494055
2018/8/17,0.0033231159317148595
2018/8/20,0.002428017769041668
2018/8/21,0.002068536391957476
2018/8/22,-0.0003981519181294191
2018/8/23,-0.0016912621635861713
2018/8/24,0.006198839727256322
2018/8/27,0.007670409488520269
2018/8/28,0.0002692785692512967
2018/8/29,0.00570143394557121
2018/8/30,-0.004430328968448416
2018/8/31,0.00013447760553098043
2018/9/4,-0.0016543222059174356
2018/9/5,-0.0028031266678487654
2018/9/6,-0.003652305145078638
2018/9/7,-0.0022133447617470603
2018/9/10,0.0018978267526505999
2018/9/11,0.0037398415912948124
2018/9/12,0.00035667183935816915
2018/9/13,0.005282254410650333
2018/9/14,0.0002754815537373556
2018/9/17,-0.005569722032989777
2018/9/18,0.005369014724770915
2018/9/19,0.001253272524646798
2018/9/20,0.007840591957973375
2018/9/21,-0.000368532969376445
2018/9/24,-0.0035156878673103797
2018/9/25,-0.001305095910180687
2018/9/26,-0.003289278151000996
2018/9/27,0.0027632869851152986
2018/9/28,-6.870281400117584e-06
2018/10/1,0.0036411053174085772
2018/10/2,-0.00039669012240728385
2018/10/3,0.0007115197040405974
2018/10/4,-0.008169482558017305
2018/10/5,-0.005527978745767492
2018/10/8,-0.0003951163801717561
2018/10/9,-0.0014179037440387177
2018/10/10,-0.03286422891323515
2018/10/11,-0.02057300781100635
2018/10/12,0.01420619796357303
2018/10/15,-0.005904979054428994
2018/10/16,0.02149560023181407
2018/10/17,-0.00025266236039023227
2018/10/18,-0.014391922484002562
2018/10/19,-0.00036116989776224795
2018/10/22,-0.004299527374037715
2018/10/23,-0.005511830212086011
2018/10/24,-0.030864433708665207
2018/10/25,0.01862503978568064
2018/10/26,-0.017327264059605163
2018/10/29,-0.006559599421901985
2018/10/30,0.015666780123047674
2018/10/31,0.010851331816018606
2018/11/1,0.010557843711262338
2018/11/2,-0.0063166861631633875
2018/11/5,0.005600317168766411
2018/11/6,0.006259295562117462
2018/11/7,0.02120885628091007
2018/11/8,-0.002508916577568465
2018/11/9,-0.009199013578477078
2018/11/12,-0.01970148931610638
2018/11/13,-0.001481919670083709
2018/11/14,-0.007567410867240221
2018/11/15,0.010593753349405599
2018/11/16,0.0022233056585385658
2018/11/19,-0.016643108928262818
2018/11/20,-0.018151240504630684
2018/11/21,0.0030432907220330208
2018/11/23,-0.006554842371583214
2018/11/26,0.015532368144919984
2018/11/27,0.0032616922552592964
2018/11/28,0.022973979573244874
2018/11/29,-0.002183108005663237
2018/11/30,0.00817074753438285
2018/12/3,0.010941426018481248
2018/12/4,-0.032364902938788354
2018/12/6,-0.001522228361661715
2018/12/7,-0.02332011874948936
2018/12/10,0.0017621541550396636
2018/12/11,-0.00035634639398196555
2018/12/12,0.005419503653256719
2018/12/13,-0.00019993021172759473
2018/12/14,-0.019086709597145535
2018/12/17,-0.02077348065074347
2018/12/18,8.640070272569744e-05
2018/12/19,-0.015395714469955912
2018/12/20,-0.015772106302099798
2018/12/21,-0.02058822843532171
2018/12/24,-0.02711225423437147
2018/12/26,0.04959374256297622
2018/12/27,0.008562680803813727
2018/12/28,-0.0012415825521053803
2018/12/31,0.008492484364786668
2019/1/2,0.0012684966694007649
2019/1/3,-0.024756730111614167
2019/1/4,0.03433571429840443
2019/1/7,0.007010434849805236
2019/1/8,0.009695285141339438
2019/1/9,0.004098045517469284
2019/1/10,0.004518418921847234
2019/1/11,-0.0001462979140943732
2019/1/14,-0.005257525420190867
2019/1/15,0.010721688854600231
2019/1/16,0.0022219855538148092
2019/1/17,0.007591400273706306
2019/1/18,0.013183053048657412
2019/1/22,-0.014157306316348373
2019/1/23,0.002202912839790905
2019/1/24,0.0013757255722175454
2019/1/25,0.008488694197122282
2019/1/28,-0.007846827452202776
2019/1/29,-0.0014562467073728769
2019/1/30,0.015549260984848434
2019/1/31,0.0085973960122816
2019/2/1,0.00089860985612078
2019/2/4,0.006776236658558865
2019/2/5,0.004708420383032763
2019/2/6,-0.0022244380717381107
2019/2/7,-0.009357139928022673
2019/2/8,0.0006762010926870676
2019/2/11,0.0007091030928125797
2019/2/12,0.012890224506745485
2019/2/13,0.003023994731897073
2019/2/14,-0.002651641617818279
2019/2/15,0.010878752906358091
2019/2/19,0.0014987432818573954
2019/2/20,0.001777110607472876
2019/2/21,-0.003526436662044663
2019/2/22,0.006411102372030353
2019/2/25,0.0012318623740310564
2019/2/26,-0.0007904570690784318
2019/2/27,-0.0005440491976510531
2019/2/28,-0.0028255084661056307
2019/3/1,0.006895320532289029
2019/3/4,-0.0038805582032795938
2019/3/5,-0.0011315330914882793
2019/3/6,-0.006524098592784688
2019/3/7,-0.008125717367500784
2019/3/8,-0.0021316891099282254
2019/3/11,0.014666042063348428
2019/3/12,0.0029533183111010164
2019/3/13,0.006949583689534133
2019/3/14,-0.0008680225932099495
2019/3/15,0.004984902901105981
2019/3/18,0.0037059469240239284
2019/3/19,-0.00013056153949719818
2019/3/20,-0.002944353643434705
2019/3/21,0.01085248128411953
2019/3/22,-0.01897450128202105
2019/3/25,-0.0008390208314040803
2019/3/26,0.007182726036481402
2019/3/27,-0.00464432497928946
2019/3/28,0.003589481451655274
2019/3/29,0.006734280040534557
2019/4/1,0.011568600103627924
2019/4/2,1.7455767155283297e-05
2019/4/3,0.0021483768437535744
2019/4/4,0.0020846353463821465
2019/4/5,0.004636432541648805
2019/4/8,0.0010474601970706932
2019/4/9,-0.006067494614092284
2019/4/10,0.003477871645617192
2019/4/11,3.8122920939631655e-05
2019/4/12,0.006609324295980379
2019/4/15,-0.0006293691138795632
2019/4/16,0.0005093581867543495
2019/4/17,-0.00227381198387544
2019/4/18,0.0015790922365066518
2019/4/22,0.0010120177659616036
2019/4/23,0.008841205808999053
2019/4/24,-0.0021917632969649103
2019/4/25,-0.00036897361004351037
2019/4/26,0.004685292161922261
2019/4/29,0.0010715220095269817
2019/4/30,0.0009514170675830602
2019/5/1,-0.007502163198430001
2019/5/2,-0.0021239854714627526
2019/5/3,0.00963827936303252
2019/5/6,-0.004470988470551718
2019/5/7,-0.01651165143337796
2019/5/8,-0.0016054253294270904
2019/5/9,-0.0030214248826746504
2019/5/10,0.0037202970362448795
2019/5/13,-0.02413055714749579
2019/5/14,0.008015944571453826
2019/5/15,0.00583897513550613
2019/5/16,0.008895286972429028
2019/5/17,-0.005837333329762107
2019/5/20,-0.0067493779761946815
2019/5/21,0.00849583560835443
2019/5/22,-0.0028243959201321722
2019/5/23,-0.01191415018948383
2019/5/24,0.0013535592343441039
2019/5/28,-0.00837567691621377
2019/5/29,-0.006911912239044082
2019/5/30,0.0020984710702871556
2019/5/31,-0.01319537251353431
2019/6/3,-0.0027652405241348488
2019/6/4,0.0214323708029609
2019/6/5,0.008161854490207121
2019/6/6,0.006135586788134972
2019/6/7,0.010497697584650245
2019/6/10,0.004660044265529351
2019/6/11,-0.0003498799704155786
2019/6/12,-0.002037579203488127
2019/6/13,0.0040973820210257195
2019/6/14,-0.0016115122119045866
2019/6/17,0.0009317494470466592
2019/6/18,0.009717399826955075
2019/6/19,0.00298516356781775
2019/6/20,0.009472185291927948
2019/6/21,-0.0012592228928592908
2019/6/24,-0.0017318869151060623
2019/6/25,-0.009496397395675649
2019/6/26,-0.0012339339216591583
2019/6/27,0.0038231756993074573
2019/6/28,0.005757452665057894
2019/7/1,0.007672300909413732
2019/7/2,0.0029281260087796745
2019/7/3,0.007672378472751928
2019/7/5,-0.0018059015151773439
2019/7/8,-0.004835444445918546
2019/7/9,0.0012365570861709863
2019/7/10,0.004510689423771197
2019/7/11,0.002285226822160702
2019/7/12,0.004620174740767258
2019/7/15,0.00017586909302380604
2019/7/16,-0.0034037785997461656
2019/7/17,-0.006531243507170825
2019/7/18,0.0035819976006714604
2019/7/19,-0.006176734523636651
2019/7/22,0.0028286949574616305
2019/7/23,0.006847482873345578
2019/7/24,0.0046881479888192246
2019/7/25,-0.005262401372888137
2019/7/26,0.007387690916858425
2019/7/29,-0.0016161143698240066
2019/7/30,-0.0025786548938854237
2019/7/31,-0.010885526168438742
2019/8/1,-0.008998793795710114
2019/8/2,-0.007282740005389532
2019/8/5,-0.02977782013979524
2019/8/6,0.01301701741817185
2019/8/7,0.000766875907745046
2019/8/8,0.018762303613494513
2019/8/9,-0.006616606508901501
2019/8/12,-0.01231732212053438
2019/8/13,0.015131688258040343
2019/8/14,-0.029292752675063927
2019/8/15,0.0024642680273538886
2019/8/16,0.014426124661553574
2019/8/19,0.012105865247517444
2019/8/20,-0.007914727404321087
2019/8/21,0.008246798638009256
2019/8/22,-0.0005060750417732462
2019/8/23,-0.0259463368416738
2019/8/26,0.010982987950876488
2019/8/27,-0.003203180738739042
2019/8/28,0.006545480062458031
2019/8/29,0.012687291892681252
2019/8/30,0.0006427873232610626
2019/9/3,-0.006899100370093891
2019/9/4,0.010842078947640221
2019/9/5,0.013009813744635501
2019/9/6,0.0009106051747311827
2019/9/9,-9.401015999088713e-05
2019/9/10,0.00032230437576741267
2019/9/11,0.0072296811674792405
2019/9/12,0.0028791528612071016
2019/9/13,-0.0007244141025927187
2019/9/16,-0.0031355867830603623
2019/9/17,0.00258175229178792
2019/9/18,0.00034269189100433195
2019/9/19,1.9974856538373942e-05
2019/9/20,-0.004895576614619701
2019/9/23,-9.693589836079486e-05
2019/9/24,-0.008416371108813214
2019/9/25,0.006158571562212778
2019/9/26,-0.0024289164070183666
2019/9/27,-0.005316352448595629
2019/9/30,0.005047606617330613
2019/10/1,-0.0122583732951429
2019/10/2,-0.017903203128985634
2019/10/3,0.007971912809210613
2019/10/4,0.014216897600649148
2019/10/7,-0.004478294773804015
2019/10/8,-0.015560819042234386
2019/10/9,0.009104492289421895
2019/10/10,0.006415695563724677
2019/10/11,0.010938977608159206
2019/10/14,-0.0013871190067763495
2019/10/15,0.009955676879340736
2019/10/16,-0.001999543053987307
2019/10/17,0.00276283165244795
2019/10/18,-0.0039193449497315624
2019/10/21,0.006871616213484977
2019/10/22,-0.003568666554747746
2019/10/23,0.002847149032029872
2019/10/24,0.0019204461816166862
2019/10/25,0.004072700584051514
2019/10/28,0.005581337852645696
2019/10/29,-0.0008324052170899376
2019/10/30,0.0032533701741288557
2019/10/31,-0.003022860583353104
2019/11/1,0.009662311997104212
2019/11/4,0.0037040892383408686
2019/11/5,-0.0011856994273684585
2019/11/6,0.0007024971924358692
2019/11/7,0.002730095398704835
2019/11/8,0.0025606759327254647
2019/11/11,-0.0019624671353238865
2019/11/12,0.0015646460440210674
2019/11/13,0.0007115345352233238
2019/11/14,0.0008370428201815994
2019/11/15,0.007695487966070447
2019/11/18,0.0005031527465895191
2019/11/19,-0.0005925942360627268
2019/11/20,-0.0037561843404613215
2019/11/21,-0.0015827522508661263
2019/11/22,0.0021749356912357243
2019/11/25,0.007507291508899616
2019/11/26,0.0021955704021285882
2019/11/27,0.004174424272576305
2019/11/29,-0.004011219917781195
2019/12/2,-0.008631020628154351
2019/12/3,-0.006638095111017206
2019/12/4,0.006323567603082392
2019/12/5,0.0015002512191744088
2019/12/6,0.009135724177039783
2019/12/9,-0.003162821338922095
2019/12/10,-0.0010969339668811529
2019/12/11,0.0029081579500964683
2019/12/12,0.008575225600500946
2019/12/13,7.258195181569782e-05
2019/12/16,0.007147785170966481
2019/12/17,0.0003352924270878521
2019/12/18,-0.0004323001864839915
2019/12/19,0.0044592918133157244
2019/12/20,0.004944781233199302
2019/12/23,0.0008661435807297835
2019/12/24,-0.0001954482145049008
2019/12/26,0.005128166582902383
2019/12/27,3.3984895565053463e-05
2019/12/30,-0.005780822613559056
2019/12/31,0.0029460215892096464
2020/1/2,0.008378802876399583
2020/1/3,-0.007059870561300419
2020/1/6,0.0035333726923132414
2020/1/7,-0.002803238450998058
2020/1/8,0.004902451310513145
2020/1/9,0.0066552624994673515
2020/1/10,-0.0028551785323552847
2020/1/13,0.006976215203984504
2020/1/14,-0.0015145329342817204
2020/1/15,0.0018701969703727173
2020/1/16,0.008366553169135038
2020/1/17,0.0038621620690160174
2020/1/21,-0.002651977609973266
2020/1/22,0.000289076089944329
2020/1/23,0.0011409765936629679
2020/1/24,-0.009042160866312154
2020/1/27,-0.015730711690954857
2020/1/28,0.01005358446440252
2020/1/29,-0.0008668742243146399
2020/1/30,0.0031343588645345033
2020/1/31,-0.017705820200054956
2020/2/3,0.007254613784725583
2020/2/4,0.014980414158696442
2020/2/5,0.01125059574111642
2020/2/6,0.003325672909989974
2020/2/7,-0.005400853565797892
2020/2/10,0.007326397818839148
2020/2/11,0.0016884725205512652
2020/2/12,0.006462646415009932
2020/2/13,-0.0016304458062382787
2020/2/14,0.0018435334086464028
2020/2/18,-0.002919942623116789
2020/2/19,0.00470578579780212
2020/2/20,-0.0038155198009306446
2020/2/21,-0.010518102889622627
2020/2/24,-0.033513626544828146
2020/2/25,-0.030279995672499505
2020/2/26,-0.0037785404903645237
2020/2/27,-0.04416324263826643
2020/2/28,-0.00823834042273175
2020/3/2,0.04603922874232036
2020/3/3,-0.02810789603432673
2020/3/4,0.04220259077712596
2020/3/5,-0.033922077118806127
2020/3/6,-0.017053851930321717
2020/3/9,-0.07596969728248704
2020/3/10,0.04939630595567479
2020/3/11,-0.048868444911533526
2020/3/12,-0.09511268088633584
2020/3/13,0.09287124973282035
2020/3/16,-0.11984055248695669
2020/3/17,0.05995484949047958
2020/3/18,-0.051830762440945644
2020/3/19,0.004707808072488717
2020/3/20,-0.043359512424085644
2020/3/23,-0.029293868023585024
2020/3/24,0.09382773987446069
2020/3/25,0.011535011665884554
2020/3/26,0.062414162984360866
2020/3/27,-0.03368735231733755
2020/3/30,0.03351600922771647
2020/3/31,-0.01601272174414059
2020/4/1,-0.044142430372115515
2020/4/2,0.022829347095729702
2020/4/3,-0.01513712512700871
2020/4/6,0.07033131894499789
2020/4/7,-0.001603052960193252
2020/4/8,0.03405645274589775
2020/4/9,0.014487410195618944
2020/4/13,-0.010104660627884066
2020/4/14,0.03057258922339101
2020/4/15,-0.022030438817243536
2020/4/16,0.0058166896763673925
2020/4/17,0.026793594930297315
2020/4/20,-0.017881048210862893
2020/4/21,-0.030674795512610764
2020/4/22,0.022930247700439832
2020/4/23,-0.0005394222033908713
2020/4/24,0.013918057158487152
2020/4/27,0.014714069723394063
2020/4/28,-0.005242380389944623
2020/4/29,0.026583916212768344
2020/4/30,-0.009212446260729035
2020/5/1,-0.02805903417696365
2020/5/4,0.004249827487006197
2020/5/5,0.009040556326081806
2020/5/6,-0.006979410206169656
2020/5/7,0.011504630601302246
2020/5/8,0.016871538841735756
2020/5/11,0.00013307802357820364
2020/5/12,-0.020500317457065376
2020/5/13,-0.01746272454004072
2020/5/14,0.01152482269503552
2020/5/15,0.0039263631901840235
2020/5/18,0.03150119165539622
2020/5/19,-0.010484399295383806
2020/5/20,0.016651100256048545
2020/5/21,-0.007773596188000886
2020/5/22,0.0023537111885199025
2020/5/26,0.012289184253555296
2020/5/27,0.014827297119582639
2020/5/28,-0.0021079147620903793
2020/5/29,0.004812336114520699
2020/6/1,0.0037512345256156543
2020/6/2,0.00821083281710644
2020/6/3,0.013648979191211996
2020/6/4,-0.003368702061200879
